0.6466031670570374,0.02169463410973549,5.421297073364258
0.8440202474594116,1.1713967323303223,1.901483416557312
1.2152241468429565,1.2802678346633911,2.27907657623291
-0.0497371107339859,-0.3662068545818329,5.355335712432861
-0.7389642596244812,0.7480287551879883,0.18487221002578735
0.445852130651474,-0.42928624153137207,6.555166721343994
0.24058736860752106,0.23768167197704315,3.881218671798706
-0.10995393246412277,-0.6411595940589905,6.152965068817139
0.13740679621696472,-0.5248578190803528,6.269425392150879
-1.2483344078063965,0.6255633234977722,-0.42722779512405396
1.7987031936645508,1.5286272764205933,2.5977771282196045
-0.8390778303146362,-1.5911457538604736,7.9188666343688965
0.7037236094474792,-0.3172481656074524,6.670041561126709
2.6679484844207764,-0.14774975180625916,10.044428825378418
0.9518036246299744,1.8288925886154175,-0.10062593221664429
-0.07151675969362259,-0.1200975775718689,4.458714485168457
-0.5961356163024902,-1.134453535079956,6.857913017272949
0.5719603896141052,2.586575508117676,-3.442155122756958
-1.0750973224639893,-0.8057394027709961,4.779069423675537
1.1215331554412842,-1.3901361227035522,11.171684265136719
-0.9327430129051208,1.0804500579833984,-1.3369102478027344
1.2731257677078247,-0.602874219417572,8.800918579101562
0.2358340471982956,-0.563257098197937,6.576995372772217
-0.9018977880477905,0.3471243977546692,1.221169114112854
-0.030178116634488106,-0.12338756769895554,4.5688557624816895
0.9923112392425537,-0.46583589911460876,7.781499862670898
1.0474685430526733,0.8891376852989197,3.2637581825256348
-1.4527342319488525,-0.7548558115959167,3.842283248901367
0.8881199955940247,0.09411748498678207,5.649483680725098
0.16487641632556915,0.864762008190155,1.6044131517410278
-0.13912513852119446,1.5562996864318848,-1.365429162979126
-0.45795556902885437,-0.4270424246788025,4.719605445861816
0.7497375011444092,0.7799243330955505,3.0339035987854004
0.08476387709379196,-0.07035863399505615,4.615598678588867
1.2086477279663086,-0.6771595478057861,8.90434741973877
0.5785771012306213,0.3967597484588623,4.020802021026611
-0.14993639290332794,-0.813596248626709,6.659147262573242
0.638694167137146,0.0032041308004409075,5.458416938781738
-0.04605511575937271,-2.067674398422241,11.12969970703125
-0.6513615250587463,-0.2501707971096039,3.75413179397583
-0.8581534624099731,0.5718845129013062,0.5376463532447815
-0.46659034490585327,0.6139070987701416,1.1780506372451782
0.012606981210410595,-0.8080162405967712,6.957800388336182
-1.2277309894561768,0.58664470911026,-0.24309183657169342
1.9670250415802002,1.5870587825775146,2.72969126701355
1.256709098815918,-2.4174892902374268,14.926652908325195
0.8704610466957092,-1.1872340440750122,9.964432716369629
1.4570616483688354,1.3134323358535767,2.6547861099243164
0.7213982343673706,-0.0641617625951767,5.861842632293701
-0.4193709194660187,-2.581352710723877,12.142638206481934
0.3180832266807556,-0.9656713008880615,8.12416934967041
0.37524110078811646,0.8797441124916077,1.9521911144256592
0.1368810534477234,0.6821804642677307,2.146275520324707
0.346086323261261,1.6699365377426147,-0.7942861914634705
-0.637894332408905,0.8972002863883972,-0.11939715594053268
-0.5849994421005249,0.32064980268478394,1.9367839097976685
-0.9750586152076721,0.08556409180164337,1.9563813209533691
1.0098867416381836,1.219370722770691,2.074350595474243
0.9109073877334595,-0.3886268436908722,7.3386054039001465
-0.837505042552948,0.5925002098083496,0.5152674317359924
0.3893932104110718,-0.41620558500289917,6.404172420501709
0.9005969762802124,1.1129226684570312,2.22070574760437
-0.47077688574790955,-0.22669769823551178,4.009008407592773
-0.25857415795326233,0.5595445036888123,1.7817617654800415
-1.6519502401351929,-0.3931877613067627,2.23728609085083
0.6899668574333191,0.5484938621520996,3.718625783920288
1.9077506065368652,-0.8861277103424072,11.011134147644043
0.8958224654197693,0.6264294385910034,3.863025188446045
-0.45540571212768555,0.5234097838401794,1.5155848264694214
0.6923052072525024,0.4181589186191559,4.167593479156494
0.1501172035932541,-0.7172098159790039,6.944764137268066
0.11959800124168396,0.46866777539253235,2.8494091033935547
-1.0424177646636963,-0.2837464213371277,3.091264247894287
0.7995642423629761,-1.8083235025405884,11.943848609924316
-0.343953013420105,0.8460374474525452,0.6536543965339661
1.611327886581421,-0.8024224042892456,10.165043830871582
0.32198694348335266,0.6345163583755493,2.67765474319458
1.5688557624816895,-0.2624471187591553,8.248045921325684
0.9521493315696716,-0.17068403959274292,6.664641857147217
0.4256698787212372,0.4205918312072754,3.6272826194763184
2.049647808074951,-1.265407919883728,12.629583358764648
1.0037766695022583,0.7681729197502136,3.5810930728912354
-2.49397349357605,0.7647408843040466,-3.3830604553222656
-0.20016218721866608,0.8526674509048462,0.8981058597564697
-1.907633662223816,0.8353991508483887,-2.4658730030059814
-0.5663981437683105,0.09346290677785873,2.769530773162842
-1.4095792770385742,1.0298845767974854,-2.101372718811035
-0.03626555576920509,-1.1012171506881714,7.860222339630127
0.6999883055686951,-0.13289140164852142,6.051485538482666
-0.6211360096931458,-0.5236460566520691,4.729560375213623
0.3724154829978943,-0.19596551358699799,5.601347923278809
-0.302171528339386,0.649138331413269,1.3815823793411255
-0.04032234102487564,-0.05196300521492958,4.308845520019531
0.5966142416000366,0.7146176099777222,2.9757461547851562
-0.8727110624313354,-0.0741274282336235,2.702024459838867
-1.136675477027893,1.0892459154129028,-1.7916370630264282
0.9715366363525391,0.277099072933197,5.195246696472168
0.5762931704521179,-1.0056439638137817,8.776140213012695
1.334633469581604,-0.8521198034286499,9.758538246154785
0.62754225730896,-0.9795636534690857,8.784120559692383
0.7330236434936523,0.5029268860816956,3.9680442810058594
1.4648548364639282,0.8257721662521362,4.334947109222412
0.5467405915260315,-0.22838908433914185,6.060133457183838
-1.3507381677627563,1.5908383131027222,-3.9100213050842285
0.9998820424079895,-2.672684669494629,15.281839370727539
0.03265225514769554,1.372938871383667,-0.398533433675766
0.37975171208381653,-1.4031689167022705,9.747211456298828
0.2903522551059723,-0.8972759246826172,7.838268756866455
-0.31478938460350037,0.9440438747406006,0.37047135829925537
-0.0753890722990036,0.7888352274894714,1.3569624423980713
0.31839317083358765,-1.2847716808319092,9.191802978515625
-0.1737012416124344,-0.5398150682449341,5.68468713760376
0.3906450569629669,-0.15951193869113922,5.51994514465332
-2.719834327697754,0.43814021348953247,-2.7408995628356934
0.31732845306396484,-0.7375367283821106,7.342246055603027
1.119181513786316,-2.140866279602051,13.704345703125
-0.8744300007820129,0.7990488409996033,-0.26333382725715637
-0.5527154207229614,-0.3653062582015991,4.330366134643555
-0.9030043482780457,-1.0514732599258423,5.962691307067871
-0.6214560866355896,0.12545792758464813,2.5354292392730713
-0.035060759633779526,0.17788633704185486,3.531951427459717
-0.6304447650909424,-0.7161747813224792,5.379845142364502
0.07410988956689835,-0.1531321108341217,4.870631694793701
1.3336845636367798,0.8807688355445862,3.8705718517303467
0.25348055362701416,-0.23781540989875793,5.511810779571533
-0.3469484746456146,-0.5237201452255249,5.295588493347168
-1.1924225091934204,2.216726541519165,-5.711788654327393
-1.1991838216781616,-0.31714606285095215,2.863123655319214
-0.18641149997711182,-0.2095874696969986,4.537262916564941
2.0357167720794678,-1.4302650690078735,13.127850532531738
-0.1442776471376419,0.24661077558994293,3.0641207695007324
1.1022694110870361,0.08328665792942047,6.120112895965576
0.5743255615234375,0.5625,3.4346492290496826
0.9329638481140137,0.833817720413208,3.2320330142974854
-1.2893285751342773,0.9096729755401611,-1.4764753580093384
0.922391951084137,1.495752215385437,0.9536643624305725
0.2816115915775299,0.06323032826185226,4.55717658996582
-1.0808583498001099,-1.5951212644577026,7.4475884437561035
2.3840179443359375,0.20637232065200806,8.25755786895752
-1.6005913019180298,-1.4010297060012817,5.7591705322265625
0.5159955620765686,-0.8785779476165771,8.211984634399414
0.6866949200630188,-0.17845678329467773,6.186172962188721
0.49551910161972046,-0.5223527550697327,6.980032920837402
1.178249716758728,0.6911118030548096,4.209227085113525
1.7097471952438354,0.363755464553833,6.393954277038574
1.5814090967178345,-0.990757405757904,10.73291301727295
0.18966776132583618,-1.2833360433578491,8.949800491333008
0.12794682383537292,0.1336844265460968,4.001288414001465
-2.1137187480926514,-0.6157793998718262,2.0798115730285645
-0.1370573490858078,-0.3919781744480133,5.242891311645508
0.29600733518600464,-0.32115113735198975,5.864344120025635
-0.42267298698425293,-0.6079519391059875,5.4490861892700195
2.1810250282287598,-0.04822437837719917,8.720795631408691
0.2502914369106293,0.2680114507675171,3.7983171939849854
-1.1495931148529053,1.0034726858139038,-1.5024932622909546
-0.6892191171646118,1.4324296712875366,-2.0483155250549316
-0.5245218276977539,-2.3593053817749023,11.174144744873047
-0.9487541317939758,0.36589428782463074,1.0521656274795532
-0.691858172416687,-0.37535181641578674,4.090927600860596
0.8596163988113403,0.47897619009017944,4.280022621154785
-0.5274821519851685,-0.416790634393692,4.560425281524658
-0.5658858418464661,0.3864387571811676,1.7611032724380493
1.6064890623092651,-1.95040762424469,14.052803993225098
-0.1832975447177887,-1.4198986291885376,8.664816856384277
0.47237351536750793,0.4636229872703552,3.5756757259368896
0.950714647769928,-1.1202514171600342,9.914838790893555
1.5221508741378784,0.3066837191581726,6.202871322631836
-1.4187453985214233,3.079028367996216,-9.107521057128906
2.126054525375366,-1.1498311758041382,12.38236141204834
-0.36369210481643677,0.91119784116745,0.36170780658721924
0.6698992848396301,-1.1590534448623657,9.509469985961914
-2.5423240661621094,0.4114324152469635,-2.2750489711761475
0.8228908181190491,0.21493588387966156,5.13220739364624
-0.7895116806030273,1.6810847520828247,-3.0930521488189697
0.7401599884033203,0.6884427666664124,3.326359748840332
-1.8803279399871826,1.0833081007003784,-3.2395055294036865
0.9811367392539978,-0.9184474945068359,9.294526100158691
-0.8780341744422913,0.3228524625301361,1.3520756959915161
-0.1604171097278595,-0.3704267740249634,5.153232574462891
0.21464252471923828,-0.049982279539108276,4.7878217697143555
0.46401798725128174,-1.4579811096191406,10.095220565795898
2.085707426071167,1.0102546215057373,4.935013771057129
1.268251895904541,1.8213682174682617,0.5560131669044495
-1.7883529663085938,0.48342376947402954,-1.0258764028549194
0.5570197701454163,-2.1237428188323975,12.518364906311035
0.3279440999031067,0.23599077761173248,4.051253795623779
1.0776475667953491,0.5546799302101135,4.449687480926514
-0.5532712340354919,-0.5322380661964417,4.903573036193848
0.3690088987350464,0.8093059659004211,2.2001657485961914
-0.003530578687787056,-0.3960898816585541,5.533143997192383
1.8191062211990356,-1.0105537176132202,11.280587196350098
-0.2425558716058731,-0.2504965364933014,4.561986923217773
-0.007927133701741695,-0.5471228957176208,6.031768321990967
-0.6504424810409546,0.27299466729164124,1.977612018585205
-0.671441376209259,0.34553593397140503,1.683402419090271
0.9639871716499329,1.2679388523101807,1.82392418384552
-0.7410747408866882,2.174790143966675,-4.667858123779297
1.2869386672973633,-1.2013895511627197,10.862764358520508
0.28092125058174133,0.044045768678188324,4.633942604064941
0.6696815490722656,-2.442476272583008,13.830986976623535
0.021497810259461403,0.48707255721092224,2.5999815464019775
-0.4443718492984772,-0.3284453749656677,4.4069061279296875
0.653225302696228,0.32861438393592834,4.385871410369873
0.2797483205795288,-0.7016026973724365,7.144215106964111
0.05268250033259392,-0.918307363986969,7.428658962249756
0.5127072334289551,0.5427727699279785,3.377406597137451
-0.7119140625,-0.053043559193611145,2.942211866378784
0.5551565885543823,0.12009807676076889,4.928075313568115
0.7296085357666016,-0.684597909450531,7.981417179107666
2.5303847789764404,2.2179574966430664,1.7195743322372437
1.1039196252822876,1.7786376476287842,0.3540387451648712
-0.3121907711029053,-0.9904476404190063,6.955673694610596
0.8286344408988953,0.5283162593841553,4.0483574867248535
0.642809271812439,-1.3272254467010498,9.98618221282959
-0.22218909859657288,-1.2207380533218384,7.904600143432617
-0.7742512822151184,2.091066598892212,-4.452902317047119
-1.1630725860595703,1.0185705423355103,-1.6051408052444458
-0.41069337725639343,0.8524312376976013,0.4889443516731262
1.386427402496338,1.0961676836013794,3.2579164505004883
-0.19761911034584045,0.07512228935956955,3.5491175651550293
-1.341769814491272,1.615065574645996,-3.9848294258117676
0.40322810411453247,-1.3332371711730957,9.537866592407227
1.1286437511444092,-0.7525430917739868,9.010771751403809
-0.4944557249546051,-1.2150378227233887,7.363785266876221
1.6533700227737427,-1.1459200382232666,11.383646965026855
0.055600207298994064,-1.0468112230300903,7.878695964813232
-0.3750426471233368,0.506908118724823,1.7174795866012573
0.35251060128211975,-0.15046696364879608,5.419250011444092
0.6809755563735962,1.0123307704925537,2.124642848968506
-3.183870553970337,0.43440282344818115,-3.6479685306549072
-0.061684757471084595,0.9781273007392883,0.763259768486023
-0.6329474449157715,-0.6837604641914368,5.246889591217041
0.6293675899505615,0.9285749793052673,2.3082456588745117
-0.7890913486480713,0.5893781781196594,0.6154547929763794
0.7034040689468384,-1.2868541479110718,9.986030578613281
-0.4349255859851837,-0.11551522463560104,3.7114479541778564
-0.818930983543396,0.18129615485668182,1.9400089979171753
-0.67899489402771,-0.13419735431671143,3.308478832244873
0.16628827154636383,0.06432731449604034,4.306220531463623
0.5058593153953552,-0.14025092124938965,5.693789005279541
-1.055583119392395,1.7317941188812256,-3.800863027572632
-0.46944543719291687,-0.030029717832803726,3.3840627670288086
-1.2546870708465576,-0.4801185131072998,3.336127996444702
1.3894392251968384,-1.2610877752304077,11.278326988220215
0.8651846647262573,0.14971080422401428,5.428914546966553
1.1587750911712646,0.8829619288444519,3.51493501663208
-2.14375638961792,-0.7788817286491394,2.5694169998168945
-0.2426391839981079,0.26335251331329346,2.8363397121429443
0.19972653687000275,0.12007956206798553,4.187715530395508
-0.5261017084121704,-0.027545945718884468,3.246089458465576
-0.33104681968688965,0.4804074168205261,1.9018230438232422
0.3005905747413635,2.230499029159546,-2.780555248260498
0.3955049514770508,-1.4427151679992676,9.887475967407227
1.1846981048583984,0.1431848704814911,6.0895538330078125
-0.2641388773918152,-1.291887879371643,8.06915283203125
0.0706794485449791,0.2113581746816635,3.614737033843994
0.6728298664093018,1.117491364479065,1.7397687435150146
-2.0125250816345215,1.341878890991211,-4.3918657302856445
0.8073016405105591,0.6899185180664062,3.4883084297180176
-0.12754671275615692,0.5489159226417542,2.0666463375091553
1.6196249723434448,-1.5557435750961304,12.72950267791748
1.4408507347106934,1.0200079679489136,3.607656478881836
0.7621027231216431,1.9076805114746094,-0.7702764868736267
-2.173933506011963,-1.0954326391220093,3.5832901000976562
-0.5998812317848206,0.02282591350376606,2.924179792404175
-0.47953617572784424,-0.2473524808883667,4.080210208892822
-2.135725975036621,-2.1836299896240234,7.359217166900635
1.067384123802185,1.0275864601135254,2.8354413509368896
0.014845742844045162,0.1884104311466217,3.5923821926116943
-0.6658873558044434,-0.2494484782218933,3.7240986824035645
0.31721529364585876,0.3311827778816223,3.6960086822509766
0.4403201937675476,0.7085449695587158,2.675647735595703
-0.04619327560067177,-0.272606760263443,5.046507835388184
1.8278253078460693,-1.144378423690796,11.735873222351074
-1.2824368476867676,1.7508931159973145,-4.320549964904785
-2.4576942920684814,0.015993177890777588,-0.7668461203575134
0.7954046726226807,-0.023565614596009254,5.868193626403809
1.3056846857070923,-0.917458713054657,9.932539939880371
-0.6639630794525146,0.36926063895225525,1.6400866508483887
1.0971219539642334,-0.8108062148094177,9.146309852600098
0.02447258122265339,1.949457049369812,-2.369439125061035
-1.4592605829238892,-1.7483651638031006,7.208219528198242
-0.2908126711845398,1.3207639455795288,-0.8846835494041443
-0.8194493055343628,1.2144960165023804,-1.574644684791565
0.808712363243103,0.7211338877677917,3.3575539588928223
0.9031009078025818,-2.4789440631866455,14.420754432678223
-0.026675518602132797,1.280655860900879,-0.20583577454090118
0.44484493136405945,0.76509690284729,2.4879326820373535
0.4137585461139679,0.766667366027832,2.419220209121704
-1.4417197704315186,-1.0678049325942993,4.961457252502441
0.18811285495758057,-0.4899958670139313,6.248983860015869
0.7652729153633118,-1.307476282119751,10.171024322509766
-0.5481324195861816,0.8352957963943481,0.26341480016708374
-0.8065988421440125,0.45160531997680664,1.0473158359527588
-1.292111873626709,-0.17128100991249084,2.2129459381103516
0.8791671395301819,-0.3533165156841278,7.167422294616699
-1.6508677005767822,-1.515923023223877,6.0550947189331055
0.39308619499206543,-1.0276968479156494,8.481332778930664
0.9401994943618774,-2.086313247680664,13.162572860717773
0.4040365219116211,0.8147749900817871,2.2525241374969482
-0.7038041949272156,1.0172957181930542,-0.6544829607009888
0.9151318073272705,-2.3591063022613525,14.041287422180176
0.50799959897995,0.9197784066200256,2.089076042175293
-0.296158105134964,0.962534487247467,0.34362560510635376
0.35770362615585327,2.368725061416626,-3.1470627784729004
0.5580499172210693,-0.11501467227935791,5.700378894805908
1.0542577505111694,1.8273875713348389,0.0953226089477539
0.49358075857162476,-0.81402587890625,7.938940525054932
-1.2762466669082642,-0.24283957481384277,2.4726223945617676
-1.162282109260559,-0.33408892154693604,3.020888090133667
1.0023483037948608,-1.1142600774765015,10.00320816040039
-0.02795989066362381,1.040033221244812,0.5804493427276611
0.33436352014541626,0.27943354845046997,3.9152510166168213
-0.24575573205947876,-0.7859753966331482,6.396033763885498
0.3275761306285858,0.2869735658168793,3.8934762477874756
-2.4227962493896484,-0.32930612564086914,0.4978724718093872
-0.8936842679977417,-0.1785859316587448,3.03110933303833
-0.10760447382926941,2.0394954681396484,-2.9457809925079346
0.6299905180931091,1.2431232929229736,1.2191379070281982
-1.0701791048049927,-0.6361075043678284,4.216028213500977
0.05961291864514351,-0.31151819229125977,5.355437278747559
-0.28555765748023987,0.46850964426994324,2.040348529815674
1.6641736030578613,0.6349354386329651,5.381391525268555
-1.0653021335601807,0.535143256187439,0.24626538157463074
-0.6464674472808838,0.1402742564678192,2.4322993755340576
-0.3451569378376007,0.09145256876945496,3.191985607147217
0.5718749165534973,-1.393823504447937,10.073016166687012
-0.4969050884246826,0.23342858254909515,2.3891847133636475
1.4984090328216553,-0.6055143475532532,9.255635261535645
-0.23269633948802948,-0.22782166302204132,4.5139875411987305
0.05137248337268829,1.0404331684112549,0.7645184993743896
-1.3139430284500122,-0.8671992421150208,4.510540008544922
-0.6013992428779602,1.032460331916809,-0.5109881162643433
0.36589595675468445,-0.13692769408226013,5.409769535064697
-0.4419790506362915,-0.38509678840637207,4.6269707679748535
0.5410748720169067,1.3188022375106812,0.7756083607673645
-0.3817926049232483,1.087531566619873,-0.24498850107192993
1.3685418367385864,1.381126880645752,2.251049280166626
-0.8649166226387024,-0.7001967430114746,4.86297607421875
-0.9872190952301025,0.6304988265037537,0.09535113722085953
0.8699503540992737,0.4214440584182739,4.500826358795166
1.293712854385376,1.7137240171432495,0.9548259377479553
-1.308334469795227,0.447767436504364,0.053804390132427216
0.8579800724983215,1.2057175636291504,1.816171407699585
-1.2988227605819702,-0.01728261634707451,1.6763795614242554
-0.27264153957366943,-0.4485323429107666,5.188892841339111
-1.3152657747268677,0.07351907342672348,1.3355119228363037
-1.7864136695861816,-1.1386619806289673,4.500463962554932
0.02849845215678215,0.0223031397908926,4.15512228012085
0.0075660343281924725,-0.7674466967582703,6.810627460479736
2.164534568786621,-0.9150886535644531,11.645843505859375
0.7475870251655579,0.13179294764995575,5.258027076721191
0.1825275719165802,-0.5122359395027161,6.296358585357666
-1.4645544290542603,-1.0185784101486206,4.730144500732422
1.0534242391586304,0.4510805606842041,4.762482166290283
2.3558106422424316,-1.1384837627410889,12.787850379943848
-0.9152916669845581,1.1335746049880981,-1.4940077066421509
0.9568663239479065,0.2941828966140747,5.105425834655762
-0.7848471999168396,-1.431276798248291,7.506882667541504
0.9774330258369446,0.3213998079299927,5.075039386749268
-0.18666890263557434,-0.5832107067108154,5.788250923156738
-0.2850531339645386,0.39197754859924316,2.2852537631988525
0.4727787971496582,0.47639936208724976,3.5244219303131104
1.0233416557312012,-0.04224373400211334,6.398373126983643
-0.9422864317893982,-0.11202739924192429,2.6846296787261963
-0.7502566576004028,0.6710600256919861,0.4248118996620178
-0.03357211872935295,0.7288693189620972,1.6557581424713135
-1.5299837589263916,-1.9538928270339966,7.7973833084106445
-1.393605351448059,-1.4112317562103271,6.209227561950684
-0.5539228320121765,0.3668223023414612,1.835407018661499
-0.42970040440559387,1.8942903280258179,-3.110941171646118
1.1241674423217773,0.9637070894241333,3.1758296489715576
-0.7782041430473328,0.7656289935112,0.045042119920253754
-0.8102787137031555,-0.8088242411613464,5.333324432373047
-0.06214721500873566,-0.05085683986544609,4.254105567932129
-1.4162181615829468,-0.5510216355323792,3.2373719215393066
0.0353279672563076,1.5128542184829712,-0.8574361801147461
0.3232579231262207,1.002683401107788,1.4147939682006836
-1.090501308441162,-0.7107542157173157,4.452203273773193
0.6741583347320557,-0.8096683621406555,8.284321784973145
-1.2442160844802856,-0.0011813645251095295,1.7153109312057495
0.8964651823043823,0.6096180081367493,3.91689395904541
-1.0742247104644775,0.6122353672981262,-0.03894856944680214
0.43686389923095703,-1.0164344310760498,8.538801193237305
0.17952893674373627,2.4186837673187256,-3.6582753658294678
0.6287559270858765,0.8422436714172363,2.5988783836364746
0.2024759203195572,-1.7690696716308594,10.612137794494629
-0.44234588742256165,-0.7115724682807922,5.739806175231934
1.4752936363220215,0.16924871504306793,6.58334493637085
-0.402384489774704,1.8051056861877441,-2.7287819385528564
0.20046572387218475,-0.9548476338386536,7.85256290435791
0.5063204765319824,0.4254375696182251,3.754279136657715
1.9430217742919922,0.8942050933837891,5.063236236572266
0.9964016675949097,0.3049180507659912,5.1432905197143555
0.3091143071651459,0.16554372012615204,4.248338222503662
0.2288554459810257,0.7008413672447205,2.2559216022491455
1.2408616542816162,0.4086689054965973,5.3046345710754395
1.5440975427627563,-1.3737767934799194,11.96137809753418
-0.6285737752914429,0.4909820854663849,1.2832200527191162
-0.26836299896240234,0.09423046559095383,3.3360776901245117
-0.17808924615383148,-0.680178701877594,6.156261920928955
-0.5684304237365723,-0.3249575197696686,4.1702351570129395
1.155158519744873,-0.45923951268196106,8.074857711791992
-1.1973475217819214,0.09591660648584366,1.4720890522003174
-0.019189633429050446,-1.6565213203430176,9.792405128479004
-0.0910564512014389,-0.4531944692134857,5.567521095275879
-0.28836309909820557,0.016920611262321472,3.568516969680786
0.27636879682540894,-0.5603330135345459,6.651010036468506
-0.6577670574188232,0.14198073744773865,2.3870530128479004
-0.37450259923934937,-0.4259501099586487,4.910768032073975
-0.3190060257911682,0.11762130260467529,3.1508169174194336
0.8262138366699219,-0.06535183638334274,6.059479236602783
0.34607401490211487,0.5318536162376404,3.0699424743652344
-0.48641523718833923,0.20901286602020264,2.5162556171417236
-0.29401785135269165,1.0649592876434326,-0.0023638298735022545
-1.47600519657135,0.900160014629364,-1.8085017204284668
0.7084577083587646,0.40166035294532776,4.2425217628479
1.9752978086471558,-1.2948132753372192,12.561894416809082
-0.9867631196975708,-0.9136436581611633,5.3259358406066895
2.4094929695129395,-1.8175936937332153,15.217733383178711
-0.5134798288345337,-0.6840223073959351,5.489108085632324
-0.8920965790748596,-0.2818962335586548,3.3760125637054443
0.17734551429748535,0.3349669277667999,3.4062604904174805
-1.158219814300537,-2.317610502243042,9.76915168762207
0.2545227110385895,-0.5130943655967712,6.454358100891113
0.8352258205413818,0.28826361894607544,4.888973712921143
0.7363763451576233,-1.7545685768127441,11.643689155578613
-1.1047375202178955,0.707293689250946,-0.4205865263938904
-0.2548293173313141,-0.3979394733905792,5.05646276473999
-0.8822187781333923,1.6313937902450562,-3.1072440147399902
0.6238622665405273,-0.5094085335731506,7.187455177307129
0.1565631628036499,-0.6200076341629028,6.61735200881958
0.8537797331809998,-0.1343090832233429,6.371669292449951
-1.2371251583099365,-0.8145490884780884,4.489333152770996
0.9016493558883667,-0.18466508388519287,6.640458106994629
0.49370014667510986,0.9236478805541992,2.053222417831421
-1.9152653217315674,0.054129209369421005,0.2002701312303543
-0.2735710144042969,-0.5587476491928101,5.551990509033203
-1.4193991422653198,-0.8225558996200562,4.180403709411621
0.6397162675857544,1.3323229551315308,0.9501976370811462
0.4557313024997711,0.7034488320350647,2.712287664413452
0.6200363636016846,0.6431968212127686,3.2634363174438477
-0.5198575854301453,0.6653512120246887,0.8924404382705688
-1.057982325553894,-1.1908930540084839,6.111020565032959
-0.7809450626373291,-0.7206443548202515,5.079594612121582
-0.10028906166553497,-1.1367062330245972,7.853237152099609
-0.9241619110107422,-0.8814621567726135,5.351295471191406
0.9564149379730225,0.8457231521606445,3.253967761993408
2.1788878440856934,-1.0761005878448486,12.215485572814941
0.411403089761734,0.3581537902355194,3.816607713699341
1.2150883674621582,1.6773450374603271,0.9220725297927856
-0.5200956463813782,0.15440024435520172,2.624147415161133
-0.8688890337944031,-0.4530180096626282,4.017310619354248
-0.9973793029785156,-0.20925995707511902,2.9197399616241455
1.5251215696334839,0.33132442831993103,6.124814987182617
-1.0244892835617065,-1.0847941637039185,5.831059455871582
-0.15985843539237976,-0.4656766951084137,5.463555812835693
-0.1272413432598114,0.08655516058206558,3.6516759395599365
1.448953628540039,0.10070759803056717,6.7669830322265625
-0.5413479208946228,-0.6364762783050537,5.2737202644348145
-0.435418039560318,-0.804302453994751,6.071852207183838
0.8669543266296387,-0.17767643928527832,6.5311102867126465
-0.9350940585136414,2.133500576019287,-4.915613651275635
0.11393178254365921,1.3614226579666138,-0.19760997593402863
1.2723405361175537,0.4641239047050476,5.158644676208496
-1.1435704231262207,0.4547835886478424,0.38307636976242065
0.1748816817998886,0.8746119141578674,1.575827956199646
0.7431060075759888,1.2128289937973022,1.5660016536712646
0.8174039125442505,-0.39802730083465576,7.192377090454102
-1.0749284029006958,-0.3410443365573883,3.216773748397827
0.8909585475921631,0.16688308119773865,5.388661861419678
-0.21340487897396088,0.350143164396286,2.57570219039917
1.8316799402236938,1.8842743635177612,1.4542104005813599
1.7353545427322388,-1.7314941883087158,13.555870056152344
-0.21656574308872223,1.0591517686843872,0.1593824326992035
1.883276104927063,0.5468908548355103,6.112038612365723
0.6158413887023926,0.17599330842494965,4.840395927429199
0.2530287504196167,-1.0034215450286865,8.129118919372559
0.7646629810333252,1.3281739950180054,1.2100307941436768
0.08388951420783997,0.9874081015586853,1.0108383893966675
0.8219566941261292,0.45817139744758606,4.261730194091797
0.76472407579422,-0.3337136209011078,6.856091022491455
0.3706651031970978,0.0893634781241417,4.639193534851074
-0.9610661268234253,-0.8874099254608154,5.289209365844727
-0.4380344748497009,-0.7805982232093811,5.983793258666992
-0.5655122995376587,-0.3943413197994232,4.412851810455322
-0.915309727191925,0.6121488809585571,0.2890799045562744
2.4167096614837646,-0.7753628492355347,11.676609992980957
-0.051969580352306366,-0.44308802485466003,5.594172954559326
-1.5038100481033325,-1.7987463474273682,7.29273796081543
-0.7358196377754211,-0.7523390650749207,5.299078941345215
-0.12805694341659546,-1.3436278104782104,8.515213966369629
0.5313828587532043,1.2392913103103638,1.0461152791976929
0.4110194146633148,-1.0289782285690308,8.505300521850586
-0.5872628688812256,-1.5531171560287476,8.29934310913086
0.4388042688369751,-0.6975362300872803,7.467877388000488
1.3830772638320923,0.8029507994651794,4.229294300079346
-0.07111251354217529,-0.1661030501127243,4.606607437133789
0.45363062620162964,1.486199975013733,0.04701829329133034
-0.3425711989402771,-0.970983624458313,6.814227104187012
-0.8243862986564636,-0.07704468816518784,2.8114631175994873
-2.4770781993865967,-0.35783928632736206,0.4689554274082184
-1.0167902708053589,0.4576798975467682,0.6224529147148132
-1.0918675661087036,1.4647471904754639,-2.96330189704895
0.1302761733531952,0.8398401737213135,1.6046268939971924
0.5772130489349365,0.3074508607387543,4.313554286956787
-0.2697006165981293,-0.7225551009178162,6.139464378356934
-1.3054757118225098,-0.864794909954071,4.540844440460205
-0.3100349009037018,-0.5036447644233704,5.292518615722656
-2.823605537414551,1.308224081993103,-5.899147987365723
-1.2763468027114868,1.7133089303970337,-4.179304122924805
0.033353809267282486,1.9925051927566528,-2.511763572692871
-3.0187320709228516,0.6819745302200317,-4.1707234382629395
0.6204577684402466,0.5830212831497192,3.457338809967041
-0.7942639589309692,0.20135504007339478,1.9249882698059082
-0.35066670179367065,-0.7800981998443604,6.151572227478027
0.5964148640632629,-1.2904956340789795,9.779430389404297
-0.04151127114892006,0.016228357329964638,4.054162979125977
-1.245441198348999,0.5796439051628113,-0.2590518593788147
-0.9234163165092468,2.039456367492676,-4.573224067687988
0.16077648103237152,0.6634007692337036,2.2827038764953613
-0.061151862144470215,-0.5171666741371155,5.842911720275879
-0.5426753163337708,0.5324438214302063,1.3097007274627686
1.9222429990768433,0.028620580211281776,7.959758758544922
0.05336473137140274,-0.05095392465591431,4.465677738189697
1.7320696115493774,0.8214519023895264,4.864757061004639
-1.4889094829559326,-1.1562904119491577,5.152983665466309
-1.1368634700775146,1.338090181350708,-2.6217143535614014
1.1095936298370361,-0.17911987006664276,7.007976055145264
0.19610927999019623,0.3890374004840851,3.273869037628174
0.5861583352088928,0.675931990146637,3.0843429565429688
-0.28895920515060425,-1.8537356853485107,9.919172286987305
0.39184173941612244,-1.06078040599823,8.588860511779785
0.20296920835971832,-1.554003119468689,9.904112815856934
1.8729698657989502,0.4229374825954437,6.504552364349365
-0.1620081514120102,0.3981971740722656,2.499570369720459
-0.7981334328651428,0.713413417339325,0.16820041835308075
0.6698493957519531,1.4817276000976562,0.5045552253723145
-0.8771587014198303,0.31247228384017944,1.3725818395614624
-0.0875537246465683,0.5589941740036011,2.115666389465332
1.2602311372756958,1.8099734783172607,0.5792226791381836
1.1597702503204346,0.28175559639930725,5.557415008544922
0.07692700624465942,-0.05240613967180252,4.522034645080566
0.5571717023849487,0.18841443955898285,4.667558670043945
-0.9516119360923767,-0.5018960237503052,4.0075178146362305
-1.4650671482086182,-1.9449975490570068,7.892637252807617
-0.8958998322486877,-0.1858782321214676,3.0527396202087402
-2.7281599044799805,-0.8308385014533997,1.5722758769989014
0.14296495914459229,0.2415698617696762,3.6640965938568115
-1.418144702911377,0.13089506328105927,0.9309482574462891
0.7498061656951904,1.4928699731826782,0.6271974444389343
-1.041588544845581,0.02961007133126259,2.0085599422454834
-0.3094639480113983,-0.33669033646583557,4.71362829208374
1.1560184955596924,-2.0183753967285156,13.382759094238281
0.023479769006371498,-1.3119553327560425,8.702240943908691
0.49285006523132324,0.5246778130531311,3.4233129024505615
0.8870276212692261,1.0741219520568848,2.3217732906341553
-0.7952860593795776,-1.313082218170166,7.062858581542969
1.0018970966339111,-2.6516458988189697,15.21336555480957
-0.18238875269889832,-0.0436694510281086,3.9769227504730225
0.691467821598053,1.2588105201721191,1.273488163948059
0.47438129782676697,0.15173067152500153,4.63767147064209
0.5257745385169983,-1.4563381671905518,10.202125549316406
0.25611740350723267,-0.16285191476345062,5.262078285217285
1.0186309814453125,0.1717073768377304,5.659379005432129
-1.5062471628189087,0.24379724264144897,0.364185631275177
0.3775659501552582,0.46775755286216736,3.368089437484741
-0.646842360496521,1.060404658317566,-0.6996484994888306
1.2522988319396973,0.39770832657814026,5.359401702880859
0.9616075754165649,-1.6291303634643555,11.671229362487793
-0.01977675035595894,-1.0772950649261475,7.827796459197998
-0.4776115119457245,0.5759783387184143,1.2950679063796997
-0.5558663010597229,-0.8873112797737122,6.1006550788879395
-0.4841006398200989,0.8957275152206421,0.17358903586864471
-0.31383615732192993,0.014980454929172993,3.5104541778564453
1.7832518815994263,0.19768264889717102,7.076584815979004
0.0012117756996303797,-0.15617500245571136,4.739113807678223
-0.1549399346113205,1.7847691774368286,-2.1744871139526367
-0.2570396065711975,-1.0247628688812256,7.175830364227295
0.6478914022445679,-0.7503570318222046,8.040960311889648
0.21435372531414032,0.011427412740886211,4.601433753967285
0.14501146972179413,0.403270959854126,3.11812424659729
0.11847305297851562,1.4787161350250244,-0.5652647614479065
-0.3923211395740509,0.05593958497047424,3.232285499572754
0.180684894323349,-0.3854120075702667,5.87644624710083
-0.12381938099861145,-0.9188922047615051,7.098782539367676
0.43538346886634827,2.063486337661743,-1.9306694269180298
-0.2697560787200928,0.7826943397521973,0.9882504343986511
0.3199426531791687,-0.9251790046691895,7.986878395080566
-0.4013768136501312,0.45958179235458374,1.84244966506958
1.3835680484771729,1.6984833478927612,1.190354824066162
-0.9189822673797607,0.455685019493103,0.7961752414703369
0.7418594360351562,0.7715089917182922,3.055302858352661
0.4901147186756134,0.9378960728645325,2.003473997116089
-1.5534541606903076,0.561687707901001,-0.8082358837127686
-0.3248661160469055,0.9159373641014099,0.4394596517086029
2.4498696327209473,0.5737882256507874,7.140988349914551
-0.9172915816307068,0.7166303396224976,-0.08053507655858994
0.4130803942680359,0.4422052800655365,3.5267584323883057
1.8533661365509033,-0.475755900144577,9.529247283935547
-0.0862848162651062,0.5933708548545837,2.0075340270996094
-0.2178790122270584,0.17035537958145142,3.1915974617004395
-0.16951598227024078,0.6433316469192505,1.6807419061660767
0.7119757533073425,-0.9830000400543213,8.965696334838867
0.48907309770584106,-0.4404166042804718,6.680514812469482
-1.4347162246704102,-2.5260655879974365,9.918566703796387
1.226073145866394,0.8760413527488708,3.689150333404541
1.4173611402511597,-1.7436825037002563,12.978972434997559
-1.395948886871338,1.9594824314117432,-5.266286849975586
-0.1548817753791809,0.6885882019996643,1.5545710325241089
0.009871299378573895,-0.6615492105484009,6.468900680541992
-0.2907346189022064,-1.3143311738967896,8.089224815368652
0.2975925803184509,-0.852530300617218,7.693937301635742
0.9461606740951538,1.035138726234436,2.577091932296753
-0.6541946530342102,-0.148873969912529,3.392716884613037
-0.838309109210968,-1.0986682176589966,6.264169692993164
0.20685845613479614,-0.29411110281944275,5.6281633377075195
-1.1636883020401,0.3317680358886719,0.753227710723877
0.21694600582122803,1.220422625541687,0.47989165782928467
-0.25850844383239746,0.021221045404672623,3.5970723628997803
-0.18705052137374878,-1.1724458932876587,7.803912162780762
-0.6942240595817566,-0.09624907374382019,3.1248579025268555
-0.3091748356819153,-0.4384511411190033,5.0599141120910645
-0.8721362948417664,0.36415591835975647,1.220266342163086
0.5334945321083069,-1.3074592351913452,9.716550827026367
-1.4955966472625732,-1.076185941696167,4.858913898468018
0.6634423136711121,0.9847927093505859,2.1790966987609863
1.016015648841858,0.2351645678281784,5.436489582061768
-0.15730971097946167,-0.6518204212188721,6.092897415161133
0.6012384295463562,0.19329991936683655,4.784990310668945
-0.41097357869148254,-1.6393285989761353,8.953737258911133
0.619938850402832,-0.3615891635417938,6.6640448570251465
-1.2601534128189087,0.01163407601416111,1.6344690322875977
0.646185040473938,0.5483545064926147,3.640709638595581
0.3305821716785431,0.8329668641090393,2.0368897914886475
-0.6622185111045837,-0.8884093165397644,5.88638162612915
1.0715323686599731,-0.9280707836151123,9.499069213867188
-0.3964758515357971,-0.6230593919754028,5.523000717163086
-0.0018474303651601076,-0.41251614689826965,5.5905375480651855
-0.0705033466219902,0.7845860719680786,1.3770874738693237
0.5198985934257507,1.2308968305587769,1.054866075515747
1.7681282758712769,-0.7489177584648132,10.276819229125977
-0.023292269557714462,-0.0493415929377079,4.341192245483398
0.5123108625411987,0.14901621639728546,4.70878791809082
0.9693847298622131,-0.7148699760437012,8.576663970947266
2.2636120319366455,-2.2160098552703857,16.252323150634766
-1.8608299493789673,-1.8151277303695679,6.646054744720459
-1.0168187618255615,0.8354182839393616,-0.6808456778526306
-0.9591156244277954,1.0666080713272095,-1.3336156606674194
-0.8587183356285095,0.04791444167494774,2.29885196685791
-1.028036117553711,0.8384825587272644,-0.7167155146598816
0.5330701470375061,-0.0005030112806707621,5.257314205169678
0.7547377347946167,-1.296464204788208,10.122110366821289
-0.09449515491724014,0.46877482533454895,2.4151241779327393
-1.5846986770629883,0.33245906233787537,-0.11502183228731155
-0.5718783736228943,-0.4245074987411499,4.494244575500488
0.537888765335083,-0.5513273477554321,7.137038230895996
-0.06574231386184692,-0.716590940952301,6.509703636169434
-0.42906925082206726,-0.8636580109596252,6.272093296051025
0.506169855594635,-1.202057957649231,9.28610610961914
-1.8005564212799072,0.8831276893615723,-2.4093666076660156
0.6192140579223633,0.3605303168296814,4.217879295349121
-1.1839604377746582,0.20001985132694244,1.1493101119995117
0.6906216740608215,-0.7287003993988037,8.061241149902344
-0.0171465203166008,1.3891627788543701,-0.5619945526123047
-2.1492691040039062,1.0545382499694824,-3.6707892417907715
-0.9583675861358643,-2.0113279819488525,9.110968589782715
0.32687056064605713,-0.9979171752929688,8.24953842163086
-0.5816715359687805,1.7587435245513916,-2.942595958709717
-1.3372373580932617,2.0309181213378906,-5.387057781219482
0.030855707824230194,-2.202177047729492,11.752984046936035
-1.5578488111495972,0.04230039194226265,0.9403030276298523
-1.210662841796875,-0.9443260431289673,4.975168228149414
0.1425371766090393,-0.7781381011009216,7.123552322387695
0.717501163482666,1.945267915725708,-0.9815492033958435
-0.14599834382534027,0.3025512397289276,2.8837316036224365
-0.4881027340888977,-0.964189887046814,6.502203941345215
-0.6393539309501648,-0.4333094656467438,4.410251617431641
0.47340765595436096,-1.1668527126312256,9.113463401794434
1.2695019245147705,1.3146326541900635,2.2742631435394287
-1.291336178779602,-1.2367353439331055,5.8165788650512695
0.4657769501209259,-1.2741330862045288,9.460434913635254
-1.319905400276184,0.5112684369087219,-0.19087065756320953
-0.4430367648601532,-0.4589917063713074,4.882658004760742
1.6793955564498901,-0.0432339608669281,7.720645427703857
-1.057720422744751,1.6629060506820679,-3.5572681427001953
0.3093380928039551,-0.6957372426986694,7.190170764923096
-0.4852067232131958,-0.7151579856872559,5.667142391204834
0.4658103287220001,-0.6496132612228394,7.332093238830566
-0.47430387139320374,-1.2572402954101562,7.522592544555664
1.5262447595596313,-0.8225879669189453,10.062744140625
-0.20758281648159027,0.1386297345161438,3.3262553215026855
0.06912817060947418,0.5351031422615051,2.512490749359131
-1.6534910202026367,0.8712077140808105,-2.0792880058288574
-0.3265438377857208,0.42527469992637634,2.0959465503692627
0.26392143964767456,1.539926290512085,-0.5093463063240051
-1.4640765190124512,-1.3197662830352783,5.742773056030273
0.5342363715171814,0.8152919411659241,2.494511127471924
1.2761379480361938,0.5399552583694458,4.928766250610352
-0.3983668386936188,0.09584657847881317,3.1015989780426025
-0.5699042677879333,-0.8791096806526184,6.043857574462891
0.9313693642616272,0.5671778321266174,4.123283386230469
1.0383213758468628,-0.8715434670448303,9.242361068725586
0.048942964524030685,0.21358993649482727,3.573920726776123
0.05920146405696869,0.859649658203125,1.376475214958191
0.4491238594055176,-0.0034910368267446756,5.119571685791016
0.6447767615318298,-0.04676620662212372,5.672160625457764
-0.5832686424255371,-0.017210623249411583,3.0809993743896484
1.0552992820739746,-0.7565263509750366,8.88953685760498
0.46540242433547974,1.0074117183685303,1.6762067079544067
-0.6099050641059875,1.418056607246399,-1.8581302165985107
1.208467960357666,0.65059894323349,4.418028354644775
0.7845568656921387,-1.5216281414031982,10.949816703796387
-0.6980308890342712,0.2104063779115677,2.0991549491882324
-0.5435373187065125,-1.7860121726989746,9.191414833068848
0.8822243809700012,-0.4136695861816406,7.353092670440674
-1.181881070137024,-0.15897372364997864,2.379532814025879
-0.2237093597650528,-1.0251305103302002,7.226130485534668
0.7005792856216431,-0.9844847321510315,8.970292091369629
-0.7046544551849365,1.8806467056274414,-3.600499391555786
0.1296597719192505,1.7326568365097046,-1.4373974800109863
-1.3896477222442627,-0.5198516845703125,3.2030763626098633
0.7479380965232849,-1.03395414352417,9.208690643310547
-0.3443600833415985,-0.5589305758476257,5.421745777130127
0.8281791806221008,-2.483816623687744,14.299723625183105
0.22209499776363373,-0.9052700400352478,7.735005855560303
-0.20622777938842773,-0.9739135503768921,7.097407817840576
-0.2520492970943451,2.372317314147949,-4.370150566101074
-0.7605462074279785,0.9441108703613281,-0.5176275372505188
-0.2666216194629669,0.08994385600090027,3.364579200744629
-0.003345965873450041,0.09723047912120819,3.8678369522094727
0.4716331660747528,-0.05540240556001663,5.320305824279785
1.0716795921325684,-1.5980030298233032,11.788260459899902
-0.23157095909118652,0.1673121154308319,3.165067672729492
-1.4754043817520142,1.2481733560562134,-2.9914419651031494
-0.54881352186203,-0.46236443519592285,4.68579626083374
-0.946746826171875,2.142294406890869,-4.962519645690918
-0.934389591217041,0.3985392451286316,0.9734847545623779
0.7543101906776428,-2.828624963760376,15.336385726928711
-0.6614231467247009,-0.9796749949455261,6.224454402923584
1.0218755006790161,0.5898306369781494,4.219849109649658
-2.7404568195343018,-1.1891874074935913,2.7602429389953613
0.32829540967941284,0.5012516379356384,3.147343635559082
0.8445031642913818,1.3739579916000366,1.211883306503296
0.44858095049858093,-0.1842525452375412,5.720124244689941
0.03771031275391579,0.7362747192382812,1.77070951461792
1.5279017686843872,-0.6893227696418762,9.591704368591309
1.0332525968551636,1.3999265432357788,1.5138295888900757
-1.725860357284546,-0.34602367877960205,1.922860860824585
-0.9660614132881165,0.3746686577796936,0.9787246584892273
-0.6887972950935364,-0.42091819643974304,4.244748592376709
-0.7159567475318909,1.6519644260406494,-2.855109453201294
-0.1149788498878479,-0.15961700677871704,4.5040483474731445
1.0352082252502441,1.3281404972076416,1.7485119104385376
0.0798119455575943,-1.4464819431304932,9.28390884399414
-0.9401336908340454,-0.7269191741943359,4.802737236022949
-0.045067623257637024,-0.8666375875473022,7.058070182800293
0.6020987033843994,1.9949778318405151,-1.3781087398529053
1.0051994323730469,1.55442214012146,0.9281430244445801
1.0865064859390259,0.41306060552597046,4.957921028137207
1.00694739818573,-1.186022400856018,10.236849784851074
-0.34542444348335266,-0.6784268021583557,5.821391582489014
-0.23094433546066284,0.4980161488056183,2.038654327392578
-1.5285532474517822,1.0107694864273071,-2.293874979019165
-0.49295496940612793,1.6758028268814087,-2.4830081462860107
0.7067700624465942,-0.03245929628610611,5.720521926879883
-0.47197452187538147,-0.925482451915741,6.390313625335693
-0.6036158800125122,0.2872155010700226,2.018498420715332
1.0511598587036133,0.6576660871505737,4.065096378326416
-1.4965721368789673,-1.1553770303726196,5.140851020812988
-0.27950620651245117,-0.3852718770503998,4.968754768371582
-0.9783498048782349,-1.1221503019332886,6.063077449798584
-0.30798232555389404,0.6266589760780334,1.4620212316513062
1.1840676069259644,-2.1976232528686523,14.045434951782227
-0.914753258228302,-0.7033824920654297,4.770028114318848
1.1661567687988281,-0.6411083340644836,8.706892013549805
0.5263018608093262,-1.4854185581207275,10.305353164672852
0.31535905599594116,-0.143659770488739,5.307327747344971
-0.6528981328010559,0.07128284871578217,2.663329839706421
1.6401538848876953,-0.27647414803504944,8.423650741577148
2.0274481773376465,-1.0890151262283325,11.960721015930176
1.0942438840866089,0.1943565458059311,5.726086616516113
-0.21198338270187378,0.04202858731150627,3.625917434692383
-0.8860810995101929,-0.6251921057701111,4.558876037597656
-1.4527912139892578,0.27219119668006897,0.3807958960533142
0.9447465538978577,1.1076030731201172,2.3097078800201416
0.06135927885770798,-0.01678658463060856,4.382651329040527
0.6425914764404297,-0.4235091209411621,6.928037643432617
0.4711829125881195,0.015804074704647064,5.077743053436279
1.360532283782959,-0.6439645290374756,9.099139213562012
1.4243745803833008,-0.5678340196609497,8.98714542388916
-0.6910828948020935,1.0224727392196655,-0.6662341952323914
1.4623571634292603,0.47116991877555847,5.530329704284668
0.6437056660652161,-1.1423189640045166,9.370884895324707
0.9122481346130371,2.268331289291382,-1.6812148094177246
1.2023149728775024,-1.0807301998138428,10.277804374694824
0.3254092335700989,1.535652995109558,-0.3795006275177002
-0.6363621950149536,0.9608749151229858,-0.35026419162750244
-0.2671319842338562,0.07850103825330734,3.392080783843994
-0.7824634313583374,-0.5018042922019958,4.345418930053711
0.9640522003173828,0.4705660343170166,4.528193473815918
-0.8682323098182678,2.2116127014160156,-5.067300796508789
-0.025313256308436394,1.302139401435852,-0.28687697649002075
-1.2753623723983765,0.4798332154750824,0.006670866161584854
-0.8681339025497437,-0.6118513345718384,4.549343585968018
0.5109707713127136,0.04376458376646042,5.0796589851379395
1.2191262245178223,0.9160147905349731,3.524423599243164
-1.1362072229385376,-1.3268765211105347,6.435615539550781
-0.02015887387096882,1.1381889581680298,0.28278684616088867
-0.16252261400222778,0.09508050978183746,3.5439116954803467
-2.4229509830474854,-0.27361711859703064,0.2960019111633301
-0.0019894749857485294,0.38322725892066956,2.905597686767578
0.616766095161438,0.4235784411430359,3.994640588760376
0.6305133700370789,0.19934986531734467,4.780318260192871
0.8422996997833252,0.14630411565303802,5.381929874420166
1.5577658414840698,-0.055042508989572525,7.5132575035095215
-0.8637222647666931,0.4047197997570038,1.0954930782318115
-0.32528701424598694,-1.5699821710586548,8.86959171295166
0.41299647092819214,1.096817135810852,1.293452262878418
-0.7119430899620056,0.33536800742149353,1.6256638765335083
0.8747650980949402,-0.6269540786743164,8.08172607421875
-1.4963711500167847,0.25919559597969055,0.3323596119880676
0.2684442698955536,0.1307225525379181,4.322101593017578
0.04705020785331726,-0.6954270005226135,6.657339096069336
1.2932597398757935,0.6838453412055969,4.456645488739014
0.5223445296287537,-0.81663978099823,8.009108543395996
-0.13154472410678864,0.14676423370838165,3.4394612312316895
0.3553248345851898,0.8401165008544922,2.0461621284484863
-0.9599704742431641,0.5994130969047546,0.24816083908081055
-0.7448918223381042,2.4782872200012207,-5.718390941619873
0.34982365369796753,0.4754509925842285,3.3065924644470215
-0.36061108112335205,-0.9788902401924133,6.804319858551025
0.9096054434776306,1.0827734470367432,2.3428924083709717
0.5920640230178833,-0.005834788549691439,5.404601097106934
-2.5099024772644043,-0.621668815612793,1.2898024320602417
-0.04885433614253998,-2.525071620941162,12.677047729492188
0.8174033164978027,0.4863342046737671,4.169338703155518
-3.5594472885131836,-0.22075927257537842,-2.169539451599121
-1.759953260421753,-1.0013396739959717,4.073626518249512
0.11506526917219162,-0.17009136080741882,5.015925407409668
0.1952487826347351,-0.8161234855651855,7.371457099914551
0.10152854025363922,0.18804366886615753,3.7752842903137207
-0.23734413087368011,0.4134537875652313,2.3219308853149414
0.9672786593437195,-0.9280585646629333,9.295733451843262
2.653332471847534,1.3358399868011475,4.986189365386963
0.035640258342027664,-0.5755898356437683,6.214399337768555
-0.6410775184631348,-0.35255634784698486,4.114438056945801
-1.7037460803985596,0.7529358267784119,-1.7801862955093384
0.0749245285987854,-0.06481549143791199,4.557345867156982
1.8938311338424683,1.3509149551391602,3.3918449878692627
-0.6645548939704895,-0.055183425545692444,3.065826416015625
0.010062526911497116,1.0671303272247314,0.5921799540519714
0.2705449163913727,-2.423158884048462,12.977930068969727
-0.8997557759284973,-0.07499967515468597,2.666041851043701
-1.1382120847702026,0.6114897727966309,-0.16247770190238953
0.5448788404464722,2.6602890491485596,-3.765510320663452
-0.022967034950852394,0.09437409788370132,3.8334898948669434
0.3493916392326355,1.1371954679489136,1.0382297039031982
0.6889333724975586,1.6799207925796509,-0.1341892033815384
0.3654388189315796,-0.3330433666706085,6.079857349395752
0.276017427444458,1.0155439376831055,1.3033093214035034
0.25677889585494995,1.735326886177063,-1.1905536651611328
-0.2334383875131607,-0.5022770762443542,5.445985317230225
1.826882004737854,-1.6232413053512573,13.362029075622559
-1.5561764240264893,0.6375636458396912,-1.0701791048049927
-0.13181626796722412,-0.9172084331512451,7.050236225128174
-1.3172610998153687,0.46386903524398804,0.005755884572863579
-0.18826381862163544,-0.628717839717865,5.975336074829102
1.4880167245864868,-1.3574069738388062,11.804116249084473
0.17226891219615936,-0.8262684941291809,7.359479904174805
1.252480387687683,0.5315626263618469,4.909898281097412
-0.6298239827156067,-1.798160433769226,9.070684432983398
0.24701263010501862,-0.6886761784553528,7.02372932434082
0.32937684655189514,0.4891493022441864,3.1880242824554443
-0.42795369029045105,-0.3454107940196991,4.49747896194458
-0.8034759163856506,-1.433729887008667,7.457536220550537
0.35923486948013306,0.546264111995697,3.0579943656921387
1.1792430877685547,1.8948719501495361,0.1181894987821579
-1.4391297101974487,0.6463466286659241,-0.8804720044136047
0.0023948648013174534,-1.124469518661499,8.025185585021973
0.5514950752258301,-0.32899174094200134,6.44079065322876
-0.2819897532463074,0.2326049655675888,2.85200572013855
1.172415018081665,0.08011241257190704,6.248442649841309
1.9581763744354248,-0.3149462342262268,9.185342788696289
-0.03411941975355148,-0.9338244795799255,7.294723033905029
-1.0481947660446167,1.34612238407135,-2.4713752269744873
-1.077041506767273,-2.3188912868499756,9.91447639465332
-0.9930817484855652,1.0693879127502441,-1.430765151977539
0.9027875065803528,0.25614234805107117,5.11370325088501
-0.23420977592468262,0.06219279393553734,3.5038180351257324
-0.43459486961364746,0.7274226546287537,0.8495000600814819
1.2078877687454224,0.6712511777877808,4.319173336029053
-0.7152342796325684,1.1216589212417603,-1.0341130495071411
-0.3709562420845032,0.060400672256946564,3.252614974975586
0.2792239487171173,-0.849928617477417,7.63265323638916
0.9437481164932251,0.44164201617240906,4.576008319854736
0.5399789214134216,0.43960514664649963,3.793294668197632
0.6256864070892334,-0.6423271298408508,7.637467861175537
-0.2378678321838379,0.8007095456123352,1.00462806224823
1.4665064811706543,-0.7084247469902039,9.54867935180664
0.7267971038818359,-0.6391116976737976,7.833847522735596
-1.0935977697372437,1.2501511573791504,-2.2247962951660156
0.37488439679145813,-1.6766856908798218,10.649786949157715
0.319089412689209,0.17996151745319366,4.23137903213501
0.7876864671707153,-0.9059804677963257,8.857592582702637
-0.014303584583103657,0.9496853351593018,0.9439094066619873
0.035537030547857285,-0.11711137741804123,4.656195640563965
-0.549606204032898,-0.29137569665908813,4.102060794830322
1.675715684890747,-0.11403865367174149,7.934185028076172
-0.06234036758542061,-1.3061922788619995,8.516695976257324
0.8146436810493469,1.0045485496520996,2.4286813735961914
-0.8108012676239014,0.16456446051597595,2.030569553375244
0.5061569213867188,-0.18054503202438354,5.828827381134033
1.0880271196365356,-0.34056657552719116,7.541750907897949
0.01813148707151413,0.4949180781841278,2.5536088943481445
0.376494824886322,-0.25764429569244385,5.822146892547607
-0.5514222979545593,1.1925268173217773,-0.9508985877037048
-0.21636907756328583,-0.008440766483545303,3.795846462249756
0.6527120471000671,1.266240119934082,1.1843403577804565
1.6457000970840454,1.4406684637069702,2.582559108734131
-0.8386583924293518,0.6713447570800781,0.26008737087249756
-0.7063018083572388,0.905319094657898,-0.2828724682331085
0.866815984249115,-0.40380924940109253,7.300022602081299
1.2978901863098145,-0.048829637467861176,6.968111038208008
-0.32757699489593506,0.6601482629776001,1.2956023216247559
0.3298153877258301,0.16570259630680084,4.2922515869140625
-0.9305545687675476,-0.5066617727279663,4.062022686004639
0.23446103930473328,-0.126408651471138,5.099881172180176
0.9891155958175659,1.0920078754425049,2.46284818649292
1.073546051979065,1.561219573020935,1.032099723815918
-0.09973153471946716,0.8263203501701355,1.1923197507858276
0.06510426104068756,-0.48380839824676514,5.974376678466797
0.07100499421358109,0.3939742147922516,2.9988505840301514
0.4463570713996887,0.3356819152832031,3.943737745285034
1.4766790866851807,1.1799914836883545,3.152723550796509
1.689229965209961,1.1990526914596558,3.5038950443267822
-1.676088809967041,-0.43364664912223816,2.3011386394500732
-0.6460313200950623,-0.7028009295463562,5.302436828613281
1.3017189502716064,-0.14827659726142883,7.311026573181152
-1.7690105438232422,2.2026875019073486,-6.819963455200195
0.4460817873477936,0.6259717345237732,2.960428476333618
-1.0038013458251953,1.3994266986846924,-2.568453550338745
0.05463382974267006,-0.9967772364616394,7.706479072570801
1.0796542167663574,-1.4066975116729736,11.179320335388184
-0.200752392411232,0.9973288178443909,0.4186578691005707
0.9073729515075684,0.5043299794197083,4.301276206970215
0.017130449414253235,0.616059422492981,2.135411500930786
-2.141336441040039,-0.15785996615886688,0.46196430921554565
-1.1834022998809814,0.6446060538291931,-0.3472633361816406
-1.881178379058838,0.8559229969978333,-2.4751482009887695
1.0567033290863037,-1.5095582008361816,11.454069137573242
0.3525938391685486,0.7197858691215515,2.4621317386627197
0.23551180958747864,0.9851875305175781,1.3047611713409424
1.0705265998840332,-0.41569527983665466,7.756005764007568
-0.5637446641921997,-1.5367975234985352,8.312273025512695
-1.6201541423797607,-0.607132077217102,3.019390106201172
0.7600398063659668,-1.1151715517044067,9.523650169372559
0.4277608394622803,0.9774604439735413,1.7268047332763672
0.5694385766983032,0.15988825261592865,4.766727924346924
-1.157155156135559,-0.18963965773582458,2.5279178619384766
0.0013528872514143586,-0.22245965898036957,4.964750289916992
-1.6587733030319214,-2.1054458618164062,8.047768592834473
-0.5040892362594604,-0.03849870339035988,3.3337063789367676
-1.134150505065918,-0.26950156688690186,2.863095283508301
-1.2021944522857666,-0.15019112825393677,2.307889461517334
-1.2437889575958252,-0.4647074043750763,3.293773651123047
-1.2721500396728516,1.0051641464233398,-1.7489053010940552
0.4781392514705658,1.1123634576797485,1.3694965839385986
-1.1543915271759033,1.6926733255386353,-3.8626651763916016
-0.6568347215652466,0.4993675947189331,1.190617322921753
-0.9929316639900208,0.01653730310499668,2.1510937213897705
0.07508734613656998,-0.529391884803772,6.15944242477417
-0.8866881132125854,-0.09538696706295013,2.7450194358825684
0.11962760239839554,0.7886360883712769,1.7830922603607178
0.49954769015312195,1.1488993167877197,1.2998660802841187
-1.4791384935379028,-1.546584963798523,6.49589729309082
-0.7829307913780212,0.731553316116333,0.14215855300426483
-0.5128665566444397,0.1620597392320633,2.624560832977295
-2.3049092292785645,0.6969907879829407,-2.7759106159210205
-0.49287986755371094,-0.8347057700157166,6.060758113861084
-2.2421393394470215,0.3262512981891632,-1.3858574628829956
-1.2566759586334229,0.65558260679245,-0.5460555553436279
1.4102988243103027,1.3697954416275024,2.3666417598724365
-0.43614453077316284,1.2523064613342285,-0.9241913557052612
0.040395427495241165,-0.27420833706855774,5.21117639541626
-1.5261154174804688,0.2655937373638153,0.23438578844070435
-0.7329692840576172,-0.12927231192588806,3.180518388748169
0.7409441471099854,0.27901822328567505,4.727224826812744
0.15051844716072083,1.4130102396011353,-0.29737719893455505
1.4891977310180664,-0.8804962038993835,10.17983341217041
-0.28364357352256775,0.4731912612915039,2.000572681427002
-1.5146805047988892,-0.36611106991767883,2.4130568504333496
1.195263147354126,-2.0878102779388428,13.697714805603027
-0.5003460645675659,-0.07260595262050629,3.4560184478759766
-0.6829260587692261,-0.27935266494750977,3.793832778930664
-0.9318743944168091,0.6721943020820618,0.038078099489212036
-0.4231613278388977,0.2916148900985718,2.357348680496216
1.9092731475830078,0.7753493189811707,5.390194892883301
0.1833983063697815,-0.8628318905830383,7.506067752838135
-0.1647634655237198,-0.369966596364975,5.108205318450928
